{
  "width": 502,
  "height": 424,
  "cx": [
    [ "COMMENT", 48 ],
    [ "USERS", 173 ],
    [ "CREATE", 303 ],
    [ "VOTE", 173 ],
    [ "POST", 303 ],
    [ "CHALLENGES", 426 ],
    [ "ENTRIES", 173 ],
    [ "RELATE", 303 ]
  ],
  "cy": [
    [ "COMMENT", 85 ],
    [ "USERS", 85 ],
    [ "CREATE", 85 ],
    [ "VOTE", 237 ],
    [ "POST", 237 ],
    [ "CHALLENGES", 237 ],
    [ "ENTRIES", 364 ],
    [ "RELATE", 364 ]
  ],
  "shift": [
    [ "COMMENT,USERS,0", 0 ],
    [ "COMMENT,ENTRIES,0", 0 ],
    [ "CREATE,USERS,0", 0 ],
    [ "CREATE,CHALLENGES,0", 0 ],
    [ "VOTE,USERS,0", 0 ],
    [ "VOTE,ENTRIES,0", 0 ],
    [ "POST,USERS,0", 0 ],
    [ "POST,ENTRIES,0", 0 ],
    [ "RELATE,ENTRIES,0", 0 ],
    [ "RELATE,CHALLENGES,0", 0 ]
  ],
  "ratio": []
}
